{
  "transactions":[
    {
      "id": 1,
      "user_id": 1,
      "t_id":1,
      "amount":"400",
      "name":"saad",
      "note":"To purchase Books",
      "expReturn": "10/02/19"
    },
    {
      "id": 3,
      "user_id": 1,
      "t_id":2,
      "amount":"200",
      "name":"Nese",
      "note":"For school fee",
      "expReturn": "10/04/17"
    },
    {
      "id": 4,
      "user_id": 3,
      "t_id":2,
      "amount":"800",
      "name":"Umair",
      "note":"For lunch meal ",
      "expReturn": "09/07/18"
    }
  ]
}